song,song uri,artist,artist uri,artist genres,danceability,energy,key,loudness,mode,speechiness,acousticness,instrumentalness,liveness,valence,tempo,duration_ms,time_signature
All The Stars (with SZA),spotify:track:66kQ7wr4d2LwwSjr7HXcyr,Kendrick Lamar,spotify:artist:2YZyLoL8N0Wb9xBt1NhZWg,"['conscious hip hop', 'hip hop', 'rap', 'west coast rap']",0.705,0.628,5,-5.362,0,0.0489,0.0287,0.0193,0.0863,0.465,96.799,235540,4
Weak,spotify:track:7fBHjuqAIVOdy5xoNxy5YQ,AJR,spotify:artist:6s22t5Y3prQHyaHWUN1R1C,['modern rock'],0.669,0.579,5,-6.341,1,0.0468,0.131,0,0.19,0.66,123.979,201159,4
Luxury,spotify:track:5CgFGKdTn8R5dXGEPEX6Gm,Jon Bellion,spotify:artist:50JJSqHUf2RQ9xsHs0KMHg,['pop rap'],0.67,0.393,9,-9.158,1,0.122,0.0159,0.000307,0.104,0.193,77.461,243459,4
Obsession (feat. Jon Bellion),spotify:track:5pvVAwQbuFoR7LkcicrKnk,Vice,spotify:artist:0q4NrXqJnc367PieejuROJ,['chicano rap'],0.741,0.559,10,-7.775,1,0.03,0.00728,0.000971,0.21,0.466,101.999,221983,4
Guru,spotify:track:7ygO2E3yfwZVYbzaPdGzed,Coast Modern,spotify:artist:4wYk01oPJNfaEssVFL46oQ,"['electropop', 'indie poptimism', 'modern alternative rock', 'modern rock']",0.76,0.701,3,-6.393,1,0.042,0.232,0.00295,0.07,0.81,140.023,204467,4
The Party & The After Party,spotify:track:34jUlvCSF0vZpsneVaeNPm,The Weeknd,spotify:artist:1Xyo4u8uXC1ZmMpatF05PJ,"['canadian contemporary r&b', 'canadian pop', 'pop']",0.677,0.637,5,-7.445,0,0.109,0.482,0,0.103,0.342,101.844,458787,4
Sorry,spotify:track:09CtPGIpYB4BrO8qb1RGsF,Justin Bieber,spotify:artist:1uNFoZAHBGtllmzznpCI3s,"['canadian pop', 'pop']",0.654,0.76,0,-3.669,0,0.045,0.0797,0,0.299,0.41,99.945,200787,4
Aston Martin Music,spotify:track:5W7xC99N2Zzfh69r7I7zWK,Rick Ross,spotify:artist:1sBkRIssrMs1AbVkOJbc7a,"['dirty south rap', 'gangster rap', 'hip hop', 'pop rap', 'rap', 'southern hip hop', 'trap']",0.57,0.58,1,-5.547,1,0.21,0.0124,0,0.0498,0.404,171.812,270627,4
Sober,spotify:track:6olUplztLFFfU7fMYmFXOP,Childish Gambino,spotify:artist:73sIBHcqh3Z3NyqHKZ7FOL,"['atl hip hop', 'hip hop', 'pop', 'pop rap', 'rap']",0.699,0.601,0,-6.48,1,0.0304,0.0972,1.17e-05,0.562,0.434,98.04,252013,4
Adventure of a Lifetime,spotify:track:69uxyAqqPIsUyTO8txoP2M,Coldplay,spotify:artist:4gzpq5DPGxSnKTe4SA8HAU,"['permanent wave', 'pop']",0.638,0.924,7,-3.887,1,0.036,0.00205,0.000175,0.149,0.53,111.995,263787,4
All Night (feat. Knox Fortune),spotify:track:60xaS8mYBKUW4VQQ666N0T,Chance the Rapper,spotify:artist:1anyVhU62p31KFi8MEzkbf,"['chicago rap', 'conscious hip hop', 'hip hop', 'pop rap', 'rap']",0.704,0.777,2,-5.729,1,0.195,0.0358,0,0.151,0.392,111.921,141542,4
Crew (feat. Brent Faiyaz & Shy Glizzy),spotify:track:15EPc80XuFrb2LmOzGjuRg,GoldLink,spotify:artist:5XenQ7XfcvQdfIbpLEFaKQ,"['alternative r&b', 'dmv rap', 'hip hop', 'indie soul', 'r&b', 'rap', 'underground hip hop']",0.728,0.607,1,-8.417,0,0.132,0.133,0,0.0864,0.445,129.938,176702,4
Lift Yourself,spotify:track:3uYDO9dPLTVrgfwg7EYXSf,Kanye West,spotify:artist:5K4W6rqBFWDnAN6FQUkS6x,"['chicago rap', 'rap']",0.877,0.435,0,-8.131,1,0.136,0.0108,1.88e-06,0.115,0.589,98.008,147905,4
Stir Fry,spotify:track:2UVbBKQOdFAekPTRsnkzcf,Migos,spotify:artist:6oMuImdp5ZcFhWP0ESe6mG,"['atl hip hop', 'rap', 'trap']",0.817,0.816,2,-5.402,1,0.269,0.00263,0,0.159,0.508,181.982,190288,4
No Interruption,spotify:track:2yJVeT8cP1zstJxRP7Nlv8,Hoodie Allen,spotify:artist:382aq8Pij5V2nE2JMHMoxl,"['indie pop rap', 'pop rap']",0.497,0.706,1,-6.455,1,0.0667,0.227,0,0.224,0.55,103.0,215241,4
Champagne and Pools (feat. Blackbear & Kyle),spotify:track:7HytU9V8vMCUayply0lYBq,Hoodie Allen,spotify:artist:382aq8Pij5V2nE2JMHMoxl,"['indie pop rap', 'pop rap']",0.61,0.641,9,-4.352,0,0.268,0.519,0,0.902,0.852,67.413,214413,4
Motivation,spotify:track:4Cv5dkUBqepa0siwGREihD,Kelly Rowland,spotify:artist:3AuMNF8rQAKOzjYppFNAoB,"['atl hip hop', 'dance pop', 'hip pop', 'neo soul', 'pop', 'pop r&b', 'pop rap', 'post-teen pop', 'r&b', 'urban contemporary']",0.735,0.679,9,-5.588,0,0.0431,0.18,0.000198,0.0766,0.264,140.858,231173,4
Surprise Party (feat. Blackbear),spotify:track:5UiT4e4DHwZrcVIXojU5um,Hoodie Allen,spotify:artist:382aq8Pij5V2nE2JMHMoxl,"['indie pop rap', 'pop rap']",0.671,0.699,6,-4.224,0,0.0647,0.00453,0.000277,0.173,0.379,72.946,188040,4
OMG (feat. will.i.am),spotify:track:1bM50INir8voAkVoKuvEUI,Usher,spotify:artist:23zg3TcAtWQy7J6upgbUnj,"['atl hip hop', 'dance pop', 'pop', 'r&b', 'south carolina hip hop', 'urban contemporary']",0.781,0.745,4,-5.81,0,0.0332,0.198,1.14e-05,0.36,0.326,129.998,269493,4
Rock That Body,spotify:track:5K5LbSTVuKKe1KGMNfBgIW,Black Eyed Peas,spotify:artist:1yxSLGMDHlW21z4YXirZDS,"['dance pop', 'pop', 'pop rap']",0.715,0.907,7,-6.025,0,0.0993,0.0172,8.39e-05,0.426,0.841,124.992,268840,4
Wild Thoughts - Medasin Dance Remix,spotify:track:4CANqU20rw8PXzYvocPzp7,DJ Khaled,spotify:artist:0QHgL1lAIqAw0HtD7YldmP,"['dirty south rap', 'hip hop', 'miami hip hop', 'pop', 'pop rap', 'rap', 'southern hip hop', 'trap']",0.502,0.699,8,-5.516,1,0.167,0.161,0,0.0647,0.419,179.871,274670,4
Poke It Out (with Nicki Minaj),spotify:track:2rPSFKzGeqUWwfcCFVkkq3,Playboi Carti,spotify:artist:699OTQXzgjhIYAHMy9RyPD,"['atl hip hop', 'plugg', 'rap', 'trap']",0.894,0.59,9,-5.716,1,0.221,0.0969,8.9e-06,0.329,0.576,147.009,269813,4
Kids,spotify:track:1jJci4qxiYcOHhQR247rEU,MGMT,spotify:artist:0SwO7SWeDHJijQ3XNS7xEE,"['alternative dance', 'indie rock', 'indietronica', 'modern rock', 'rock']",0.451,0.931,9,-3.871,1,0.0719,0.00076,0.0049,0.361,0.172,122.961,302840,4
Club Can't Handle Me (feat. David Guetta),spotify:track:6ebkx7Q5tTxrCxKq4GYj0Y,Flo Rida,spotify:artist:0jnsk9HBra6NMjO2oANoPY,"['dance pop', 'miami hip hop', 'pop', 'pop rap']",0.616,0.869,0,-3.911,1,0.0327,0.0283,0,0.064,0.473,127.966,234560,4
Dancing in the Moonlight,spotify:track:0q21FNwES2bbtcduB6kjEU,King Harvest,spotify:artist:5FHwr1FymaS5kutIEK6e2y,['soft rock'],0.657,0.435,10,-15.707,1,0.0552,0.739,0,0.167,0.771,135.975,181133,4
TiK ToK,spotify:track:5OMwQFBcte0aWFJFqrr5oj,Kesha,spotify:artist:6LqNN22kT3074XbTVUrhzX,"['dance pop', 'electropop', 'pop', 'post-teen pop']",0.755,0.832,2,-2.741,0,0.116,0.0746,1.27e-06,0.291,0.735,120.032,199693,4
Tainted Love,spotify:track:58E1XVmZTODC67YNjneuXM,Soft Cell,spotify:artist:6aq8T2RcspxVOGgMrTzjWc,"['new romantic', 'new wave', 'new wave pop', 'synthpop']",0.542,0.45,7,-9.931,0,0.0361,0.558,6.43e-06,0.579,0.626,144.437,153840,4
Make Me Feel,spotify:track:5gW5dSy3vXJxgzma4rQuzH,Janelle Monáe,spotify:artist:6ueGR6SWhUJfvEhqkvMsVs,"['afrofuturism', 'alternative r&b', 'atl hip hop', 'dance pop', 'electropop', 'escape room', 'neo soul', 'pop', 'r&b', 'urban contemporary']",0.859,0.413,1,-7.399,1,0.182,0.132,0,0.334,0.697,115.035,194230,4
Girls Just Want to Have Fun,spotify:track:4y1LsJpmMti1PfRQV9AWWe,Cyndi Lauper,spotify:artist:2BTZIqw0ntH9MvilQ3ewNY,"['mellow gold', 'new wave pop', 'permanent wave', 'soft rock']",0.71,0.799,6,-4.897,1,0.0328,0.22,0.000602,0.349,0.725,120.372,238267,4
Pyramids,spotify:track:4QhWbupniDd44EDtnh2bFJ,Frank Ocean,spotify:artist:2h93pZq0e7k5yf4dywlkpM,"['alternative r&b', 'hip hop', 'lgbtq+ hip hop', 'neo soul', 'pop']",0.4,0.65,5,-6.104,0,0.0466,0.0118,7.62e-05,0.791,0.15,107.989,592920,4
"GONE, GONE / THANK YOU",spotify:track:1hz7SRTGUNAtIQ46qiNv2p,"Tyler, The Creator",spotify:artist:4V8LLVI7PbaPR0K2TGSxFF,"['hip hop', 'rap']",0.518,0.492,10,-8.436,0,0.193,0.216,0.0012,0.146,0.471,78.848,375387,4
Sanctuary,spotify:track:3xaugmCyXrVkrDTXbFkMW3,Joji,spotify:artist:3MZsBdqDrRTJihTHQrO6Dq,"['alternative r&b', 'viral pop']",0.552,0.65,1,-7.199,1,0.128,0.422,0.000275,0.372,0.316,167.788,180019,4
Magnolia,spotify:track:1e1JKLEDKP7hEQzJfNAgPl,Playboi Carti,spotify:artist:699OTQXzgjhIYAHMy9RyPD,"['atl hip hop', 'plugg', 'rap', 'trap']",0.791,0.582,11,-7.323,0,0.286,0.0114,0,0.35,0.443,162.991,181812,4
CYANIDE,spotify:track:3uouaAVXpQR3X8RYkJyitQ,Daniel Caesar,spotify:artist:20wkVLutqVOYrc0kxFs7rA,"['canadian contemporary r&b', 'pop', 'r&b']",0.589,0.652,10,-7.498,1,0.373,0.704,0.00055,0.125,0.486,158.49,194960,4
Put It All on Me (feat. Ella Mai),spotify:track:5T03itPFOPGGkvVPvPiyla,Ed Sheeran,spotify:artist:6eUKZXaKkcviH0Ku9w2n3V,"['pop', 'uk pop']",0.627,0.594,7,-8.306,1,0.0479,0.256,0,0.373,0.388,101.007,197093,4
Never Too Much,spotify:track:3nFJbZCHP4d9vduKjJLdBL,Luther Vandross,spotify:artist:19y5MFBH7gohEdGwKM7QsP,"['funk', 'motown', 'neo soul', 'new jack swing', 'quiet storm', 'r&b', 'soul', 'urban contemporary']",0.734,0.586,2,-11.866,1,0.129,0.125,0,0.0367,0.762,109.933,230467,4
Slide (feat. Frank Ocean & Migos),spotify:track:6gpcs5eMhJwax4mIfKDYQk,Calvin Harris,spotify:artist:7CajNmpbOovFoOoasH2HaY,"['dance pop', 'edm', 'electro house', 'house', 'pop', 'pop rap', 'progressive house', 'uk dance']",0.736,0.795,1,-3.299,0,0.0545,0.498,1.21e-06,0.254,0.511,104.066,230813,4
Alien Boy,spotify:track:1gGhqfs2pDTOI30AEXMXrn,Oliver Tree,spotify:artist:6TLwD7HPWuiOzvXEa3oCNe,['alternative hip hop'],0.802,0.599,1,-5.169,1,0.0997,0.112,0,0.236,0.484,130.108,163525,4
Fashion Killa,spotify:track:0O3TAouZE4vL9dM5SyxgvH,A$AP Rocky,spotify:artist:13ubrt8QOOCPljQ2FL1Kca,"['east coast hip hop', 'hip hop', 'rap', 'trap']",0.801,0.819,11,-5.189,1,0.158,0.292,0,0.515,0.811,139.969,236280,4
Every Hour,spotify:track:1WnqWQcWcuQbVzgE7ecfCY,Kanye West,spotify:artist:5K4W6rqBFWDnAN6FQUkS6x,"['chicago rap', 'rap']",0.588,0.793,7,-6.23,1,0.0794,0.466,0.000647,0.913,0.694,76.997,112239,5
Anything,spotify:track:0336UwEBwBBao8uWCuugYr,SZA,spotify:artist:7tYKF4w9nC0nq9CsPZTHyP,"['pop', 'r&b', 'rap']",0.669,0.488,0,-4.711,0,0.326,0.394,0.000649,0.0952,0.548,151.798,149320,4
Kiss It Better,spotify:track:0UHB9METy4VCXNgkcGqHqS,Rihanna,spotify:artist:5pKCCKE2ajJHZ9KAiaK11H,"['barbadian pop', 'dance pop', 'pop', 'pop rap', 'urban contemporary']",0.619,0.806,3,-4.8,0,0.0483,0.272,0,0.0671,0.877,95.0,253080,4
Blinding Lights,spotify:track:0sf12qNH5qcw8qpgymFOqD,The Weeknd,spotify:artist:1Xyo4u8uXC1ZmMpatF05PJ,"['canadian contemporary r&b', 'canadian pop', 'pop']",0.513,0.796,1,-4.075,1,0.0629,0.00147,0.000209,0.0938,0.345,171.017,201573,4
Adore You,spotify:track:3jjujdWJ72nww5eGnfs2E7,Harry Styles,spotify:artist:6KImCVD70vtIoJWnq6nGn3,['pop'],0.676,0.771,8,-3.675,1,0.0483,0.0237,7e-06,0.102,0.569,99.048,207133,4
Say So,spotify:track:3Dv1eDb0MEgF93GpLXlucZ,Doja Cat,spotify:artist:5cj0lLjcoR7YOSnhnX0Po5,"['dance pop', 'pop']",0.787,0.673,11,-4.583,0,0.159,0.264,3.35e-06,0.0904,0.779,110.962,237893,4
Hey Ya!,spotify:track:2PpruBYCo4H7WOBJ7Q2EwM,Outkast,spotify:artist:1G9G7WwrXka3Z1r7aIDjI7,"['atl hip hop', 'dirty south rap', 'hip hop', 'rap', 'southern hip hop']",0.727,0.974,4,-2.261,0,0.0664,0.103,0.000532,0.174,0.965,79.526,235213,4
Stand by Me,spotify:track:3SdTKo2uVsxFblQjpScoHy,Ben E. King,spotify:artist:3plJVWt88EqjvtuB4ZDRV3,"['adult standards', 'brill building pop', 'motown', 'rock-and-roll', 'soul', 'southern soul']",0.65,0.306,9,-9.443,1,0.0393,0.57,7.07e-06,0.0707,0.605,118.068,180056,4
Bad and Boujee (feat. Lil Uzi Vert),spotify:track:4Km5HrUvYTaSUfiSGPJeQR,Migos,spotify:artist:6oMuImdp5ZcFhWP0ESe6mG,"['atl hip hop', 'rap', 'trap']",0.927,0.665,11,-5.313,1,0.244,0.061,0,0.123,0.175,127.076,343150,4
Work Out,spotify:track:2wAJTrFhCnQyNSD3oUgTZO,J. Cole,spotify:artist:6l3HvQ5sa6mXTsMTB19rO5,"['conscious hip hop', 'hip hop', 'north carolina hip hop', 'rap']",0.831,0.427,2,-6.903,1,0.106,0.0531,0,0.307,0.216,93.004,235320,4
Promiscuous,spotify:track:47aQT2aV12TyilaoYi1NiD,Nelly Furtado,spotify:artist:2jw70GZXlAI8QzWeY2bgRc,"['canadian latin', 'canadian pop', 'dance pop', 'pop', 'pop rap']",0.795,0.978,10,-6.097,0,0.0459,0.046,8.29e-05,0.143,0.843,114.321,242200,4
Hollaback Girl,spotify:track:0LzrhCZFXW94Y8nwtTuRlw,Gwen Stefani,spotify:artist:4yiQZ8tQPux8cPriYMWUFP,"['dance pop', 'hip pop', 'pop', 'post-teen pop', 'urban contemporary']",0.926,0.916,10,-2.221,0,0.0929,0.35,6.17e-06,0.0234,0.904,110.007,199853,4
Dots & Lines,spotify:track:0jYhHo2DhmdkLfonFbPixV,Lupe Fiasco,spotify:artist:01QTIT5P1pFP3QnnFSdsJf,"['chicago rap', 'conscious hip hop', 'gangster rap', 'hip hop', 'political hip hop', 'pop rap', 'rap', 'southern hip hop']",0.71,0.752,0,-5.712,0,0.0946,0.226,2.04e-05,0.23,0.407,129.993,392400,4
Passionfruit,spotify:track:5mCPDVBb16L4XQwDdbRUpz,Drake,spotify:artist:3TVXtAsR1Inumwj472S9r4,"['canadian hip hop', 'canadian pop', 'hip hop', 'rap', 'toronto rap']",0.809,0.463,11,-11.377,1,0.0396,0.256,0.085,0.109,0.364,111.98,298941,4
Make It Better (feat. Smokey Robinson),spotify:track:4SBVWkRIMJ6WBCYPvr5Bwr,Anderson .Paak,spotify:artist:3jK9MiCrA42lLAdMGUZpwa,['escape room'],0.676,0.56,4,-6.024,0,0.0643,0.0112,0.00403,0.137,0.551,178.555,219332,4
My Girl,spotify:track:745H5CctFr12Mo7cqa1BMH,The Temptations,spotify:artist:3RwQ26hR2tJtA8F9p2n7jG,"['brill building pop', 'classic soul', 'funk', 'memphis soul', 'motown', 'soul']",0.572,0.418,0,-10.738,1,0.0349,0.635,0,0.0961,0.694,104.566,165000,4
Binz,spotify:track:7yvdp8dqmxExSJwT2fn6Xq,Solange,spotify:artist:2auiVi8sUZo17dLy1HwrTU,"['afrofuturism', 'alternative r&b', 'dance pop', 'escape room', 'hip pop', 'indie soul', 'neo soul', 'pop', 'r&b', 'urban contemporary']",0.863,0.625,8,-6.323,1,0.313,0.101,4.13e-06,0.166,0.456,83.98,111227,4
FANTAZIA,spotify:track:3XetDJxSDARsex7zU9KEpM,Roy Blair,spotify:artist:6Sa4YbwEdGlfVSJMF1Lp67,"['bedroom pop', 'indie pop']",0.866,0.526,11,-7.128,0,0.24,0.314,0.000387,0.173,0.651,126.001,336660,4
Doin' it Right (feat. Panda Bear),spotify:track:36c4JohayB9qd64eidQMBi,Daft Punk,spotify:artist:4tZwfgrHOc3mvqYlEYSvVi,"['electro', 'filter house']",0.804,0.451,6,-8.207,1,0.0949,0.388,2.17e-05,0.0924,0.19,178.061,251293,4
Suga Suga,spotify:track:6Nq5lE0CeOAAAqN4qhkbZU,Baby Bash,spotify:artist:12PSlydMSjEHzSCj9X5qv7,"['chicano rap', 'dance pop', 'dirty south rap', 'gangster rap', 'hip hop', 'hip pop', 'latin hip hop', 'pop rap', 'r&b', 'rap', 'southern hip hop', 'texas latin rap', 'urban contemporary']",0.662,0.748,5,-3.041,0,0.268,0.688,8.43e-06,0.0841,0.535,82.331,239027,4
Ballin' (with Roddy Ricch),spotify:track:3QzAOrNlsabgbMwlZt7TAY,Mustard,spotify:artist:0YinUQ50QDB7ZxSCLyQ40k,"['cali rap', 'hip hop', 'pop rap', 'rap', 'southern hip hop', 'trap']",0.809,0.545,7,-6.678,1,0.0735,0.392,0,0.151,0.244,97.008,180435,4
Sound of Rain,spotify:track:4o8Rk1YzdkTxsSEXd3YhAK,Solange,spotify:artist:2auiVi8sUZo17dLy1HwrTU,"['afrofuturism', 'alternative r&b', 'dance pop', 'escape room', 'hip pop', 'indie soul', 'neo soul', 'pop', 'r&b', 'urban contemporary']",0.8,0.526,10,-6.403,0,0.0326,0.326,0.0416,0.153,0.454,120.0,185960,4
Paradise,spotify:track:7pudclCl5P99Me3P5F9hPC,Lil Uzi Vert,spotify:artist:4O15NlyKLIASxsJ0PrXPfz,"['melodic rap', 'philly rap', 'rap', 'trap']",0.594,0.85,2,-6.525,1,0.0954,0.0291,0,0.11,0.228,100.002,172704,4
Laugh Now Cry Later (feat. Lil Durk),spotify:track:2SAqBLGA283SUiwJ3xOUVI,Drake,spotify:artist:3TVXtAsR1Inumwj472S9r4,"['canadian hip hop', 'canadian pop', 'hip hop', 'rap', 'toronto rap']",0.761,0.518,0,-8.871,1,0.134,0.244,3.47e-05,0.107,0.522,133.976,261493,4
just like magic,spotify:track:7Dx9Z6Aon1qPS2N0rHSWTe,Ariana Grande,spotify:artist:66CXWjxzNUsdJxJ2JdwvnR,"['dance pop', 'pop']",0.719,0.607,8,-5.156,1,0.165,0.08,0,0.125,0.464,128.006,149900,4
Alejandro,spotify:track:4lwavw59UjXUPJZtKNdFYp,Lady Gaga,spotify:artist:1HY2Jd0NmPuamShAr6KMms,"['art pop', 'dance pop', 'pop']",0.626,0.799,11,-6.612,0,0.046,0.000358,0.00155,0.36,0.369,98.992,274213,4
Wonderwall,spotify:track:1qPbGZqppFwLwcBC1JQ6Vr,Oasis,spotify:artist:2DaxqgrOhkeH0fpeiQq2f4,"['beatlesque', 'britpop', 'madchester', 'permanent wave', 'rock']",0.41,0.854,2,-5.609,1,0.0366,0.00236,0,0.133,0.456,174.584,258907,4
Go Gina,spotify:track:6Vmow8PuUaU7W1T2WWLZk2,SZA,spotify:artist:7tYKF4w9nC0nq9CsPZTHyP,"['pop', 'r&b', 'rap']",0.603,0.606,9,-6.634,1,0.114,0.799,0,0.391,0.462,80.176,161613,4
Leave The Door Open,spotify:track:7MAibcTli4IisCtbHKrGMh,Bruno Mars,spotify:artist:0du5cEVh5yTK9QJze8zA0C,"['dance pop', 'pop']",0.586,0.616,5,-7.964,1,0.0324,0.182,0,0.0927,0.719,148.088,242096,4
"Gravity (feat. Tyler, The Creator)",spotify:track:6u3CPnFMKANYgfdiifFOiJ,Brent Faiyaz,spotify:artist:3tlXnStJ1fFhdScmQeLpuG,"['dmv rap', 'pop', 'r&b', 'rap']",0.539,0.615,1,-8.746,0,0.252,0.173,0.0056,0.144,0.493,163.924,214693,4
What A Wonderful World,spotify:track:29U7stRjqHU6rMiS8BfaI9,Louis Armstrong,spotify:artist:19eLuQmk9aCobbVDHc6eek,"['adult standards', 'dixieland', 'harlem renaissance', 'jazz trumpet', 'new orleans jazz', 'swing', 'vocal jazz']",0.271,0.165,5,-20.652,1,0.0351,0.729,1.6e-06,0.118,0.203,77.082,139227,4
Classic Man (feat. Roman GianArthur),spotify:track:3G7XYAwtxtoGK7fAm4IlD9,Jidenna,spotify:artist:4TsHKU8l8Wq7n7OPVikirn,['ghanaian hip hop'],0.79,0.585,8,-6.058,1,0.0348,0.185,0,0.292,0.585,94.072,226000,4
Just the Two of Us (feat. Bill Withers),spotify:track:1ko2lVN0vKGUl9zrU0qSlT,"Grover Washington, Jr.",spotify:artist:05YVYeV4HxYp5rrWalvuE1,[],0.749,0.497,10,-12.609,0,0.105,0.41,0.0499,0.0504,0.585,95.818,438493,4
Party Up,spotify:track:0LWkaEyQRkF0XAms8Bg1fC,DMX,spotify:artist:1HwM5zlC5qNWhJtM00yXzG,"['east coast hip hop', 'gangster rap', 'hardcore hip hop', 'hip hop', 'pop rap', 'rap']",0.51,0.931,11,-3.302,1,0.347,0.0738,0,0.5,0.53,201.936,268867,4
BYE,spotify:track:3OUyyDN7EZrL7i0Sbi5SVd,Jaden,spotify:artist:0xOeVMOz2fVg5BJY3N6akT,"['hip hop', 'pop', 'rap']",0.635,0.51,0,-6.348,1,0.0344,0.308,0.0127,0.162,0.334,119.986,296048,4
RISE! (feat. DAISY WORLD),spotify:track:4Hta7Oy5W9HD0UgT1P8PPV,"Tyler, The Creator",spotify:artist:4V8LLVI7PbaPR0K2TGSxFF,"['hip hop', 'rap']",0.766,0.814,2,-3.367,1,0.0733,0.044,1.08e-05,0.195,0.481,108.07,203588,4
SWEET / I THOUGHT YOU WANTED TO DANCE (feat. Brent Faiyaz & Fana Hues),spotify:track:3EG9FJ0ToLfgnc1IG2Z1wz,"Tyler, The Creator",spotify:artist:4V8LLVI7PbaPR0K2TGSxFF,"['hip hop', 'rap']",0.468,0.652,0,-4.912,1,0.0722,0.333,0.000318,0.55,0.39,140.223,588139,4
One Dance,spotify:track:1zi7xx7UVEFkmKfv06H8x0,Drake,spotify:artist:3TVXtAsR1Inumwj472S9r4,"['canadian hip hop', 'canadian pop', 'hip hop', 'rap', 'toronto rap']",0.792,0.625,1,-5.609,1,0.0536,0.00776,0.0018,0.329,0.37,103.967,173987,4
Unwritten,spotify:track:3U5JVgI2x4rDyHGObzJfNf,Natasha Bedingfield,spotify:artist:7o95ZoZt5ZYn31e9z1Hc0a,"['dance pop', 'europop', 'neo mellow', 'pop', 'pop rock', 'post-teen pop']",0.706,0.8,5,-6.333,1,0.0399,0.00584,0,0.0822,0.629,100.011,259333,4
Just a Friend,spotify:track:1MQCTOWVfy4PcuBXkBsHVB,Biz Markie,spotify:artist:22282KfMxDo2PMjnBc82I4,"['east coast hip hop', 'electro', 'gangster rap', 'golden age hip hop', 'hardcore hip hop', 'hip hop', 'old school hip hop', 'rap']",0.862,0.663,0,-9.004,1,0.21,0.12,0,0.318,0.837,85.308,238267,4
You,spotify:track:2cc8Sw1OnCuA5bV8nqWqpE,Regard,spotify:artist:4ofCBoyEiGSePFAG500xev,"['dance pop', 'edm', 'electro house', 'pop', 'pop dance', 'pop edm', 'slap house', 'tropical house']",0.691,0.695,0,-5.6,1,0.0367,0.0592,0,0.0647,0.514,106.064,233386,4
Hello (feat. Dragonette),spotify:track:3sl4dcqSwxHVnLfqwF2jly,Martin Solveig,spotify:artist:1bj5GrcLom5gZFF5t949Xl,"['dance pop', 'disco house', 'edm', 'electro house', 'filter house', 'house', 'pop dance', 'tropical house', 'vocal house']",0.666,0.975,3,-3.47,1,0.0345,0.0135,0.000925,0.105,0.452,128.005,191388,4
Habits (Stay High) - Hippie Sabotage Remix,spotify:track:62N2JSA0jHmSH7Va9t7hIf,Tove Lo,spotify:artist:4NHQUGzhtTLFvgF5SZesLK,"['dance pop', 'electropop', 'metropopolis', 'pop', 'post-teen pop', 'swedish electropop', 'swedish pop', 'swedish synthpop']",0.735,0.686,4,-7.562,0,0.0366,0.00108,0.874,0.0933,0.0656,121.011,258933,4
42.26,spotify:track:5CTzapBNGovLrqPas4cy7J,Childish Gambino,spotify:artist:73sIBHcqh3Z3NyqHKZ7FOL,"['atl hip hop', 'hip hop', 'pop', 'pop rap', 'rap']",0.576,0.486,7,-9.727,1,0.154,0.456,0.134,0.0676,0.178,165.816,321387,4
Boombastic,spotify:track:4fxF8ljwryMZX5c9EKrLFE,Shaggy,spotify:artist:5EvFsr3kj42KNv97ZEnqij,"['pop rap', 'reggae fusion']",0.867,0.538,2,-16.183,1,0.361,0.242,1.75e-05,0.316,0.781,158.328,249933,4
Invincible,spotify:track:6VS7wKwtvL2FvTupYSWZ9e,Aminé,spotify:artist:3Gm5F95VdRxW3mqCn8RPBJ,"['hip hop', 'pop', 'portland hip hop', 'rap', 'underground hip hop']",0.724,0.6,10,-4.391,0,0.29,0.141,0.000218,0.104,0.466,86.984,196387,4
Alright,spotify:track:3iVcZ5G6tvkXZkZKlMpIUs,Kendrick Lamar,spotify:artist:2YZyLoL8N0Wb9xBt1NhZWg,"['conscious hip hop', 'hip hop', 'rap', 'west coast rap']",0.796,0.766,7,-5.974,1,0.238,0.0742,0,0.0827,0.558,110.034,219333,4
Skate,spotify:track:2sXf2JdbB2GlNju00kw9WE,Bruno Mars,spotify:artist:0du5cEVh5yTK9QJze8zA0C,"['dance pop', 'pop']",0.708,0.598,5,-8.365,1,0.0291,0.037,0,0.17,0.698,112.027,203123,4
Nothin' on You (feat. Bruno Mars),spotify:track:59dLtGBS26x7kc0rHbaPrq,B.o.B,spotify:artist:5ndkK3dpZLKtBklKjxNQwT,"['atl hip hop', 'dance pop', 'hip hop', 'pop', 'pop rap', 'rap', 'southern hip hop']",0.688,0.853,10,-5.814,1,0.0493,0.386,0,0.0862,0.743,103.993,268320,4
Talk,spotify:track:0rTV5WefWd1J3OwIheTzxM,Khalid,spotify:artist:6LuN9FCkKOj5PcnpouEgny,"['pop', 'pop r&b']",0.9,0.4,0,-8.443,1,0.124,0.0501,0,0.0876,0.338,136.001,197487,4
Better Off Alone,spotify:track:0pMUR7Uvp6vxlbG0qBFvgM,Alice DJ,spotify:artist:2tbvDi9eXf9XXp06LupkED,"['eurodance', 'europop']",0.671,0.88,8,-6.149,0,0.0552,0.00182,0.667,0.285,0.786,136.956,214883,4
Ain't It Fun,spotify:track:1j8z4TTjJ1YOdoFEDwJTQa,Paramore,spotify:artist:74XFHRwlV6OrjEM0A2NCMF,"['candy pop', 'pixie', 'pop emo', 'pop punk']",0.61,0.893,9,-3.681,1,0.0921,0.154,4.41e-05,0.021,0.673,104.031,296520,4
Teen Scene feat. Buddy,spotify:track:7rNjupJkjsc3ANGeW0RCYj,Maeta,spotify:artist:2EwyKG76iX4Pp5HhAD6SKO,"['alternative r&b', 'chill r&b', 'indie r&b']",0.336,0.741,11,-6.413,1,0.717,0.471,0,0.193,0.585,214.527,250362,4
Believe What I Say,spotify:track:73uxnSsFMeJ15POpd3zgrV,Kanye West,spotify:artist:5K4W6rqBFWDnAN6FQUkS6x,"['chicago rap', 'rap']",0.595,0.656,7,-7.868,1,0.247,0.148,0,0.47,0.416,99.811,242400,4
Monster (Shawn Mendes & Justin Bieber),spotify:track:2Z8yfpFX0ZMavHkcIeHiO1,Shawn Mendes,spotify:artist:7n2wHs1TKAczGzO7Dd2rGr,"['canadian pop', 'dance pop', 'pop', 'viral pop']",0.652,0.383,2,-7.076,0,0.0516,0.0676,0,0.0828,0.549,145.765,178994,4
Out of Touch,spotify:track:7o67roCVsFiCt7Cf0ZLOJq,Daryl Hall & John Oates,spotify:artist:77tT1kLj6mCWtFNqiOmP9H,"['album rock', 'classic rock', 'mellow gold', 'rock', 'soft rock', 'yacht rock']",0.806,0.649,9,-9.004,0,0.0347,0.0391,5.55e-05,0.0557,0.897,114.834,249573,4
Oh Boy,spotify:track:4gdQ8QShlC3toP9Mkc8DwB,Cam’ron,spotify:artist:7iMvwE8qANp3aIfAGKEAwS,"['battle rap', 'east coast hip hop', 'gangster rap', 'hardcore hip hop', 'harlem hip hop', 'hip hop', 'hip pop', 'pop rap', 'rap', 'southern hip hop', 'trap']",0.754,0.767,6,-5.586,1,0.145,0.0216,0,0.172,0.828,83.014,204707,4
Flashing Lights,spotify:track:31I3Rt1bPa2LrE74DdNizO,Kanye West,spotify:artist:5K4W6rqBFWDnAN6FQUkS6x,"['chicago rap', 'rap']",0.639,0.628,6,-7.578,0,0.0399,0.0381,0,0.386,0.43,90.482,237507,4
